show_id,title,popularity
s7,My Little Pony: A New Generation,2
s14,Confessions of an Invisible Girl,2
s24,Go! Go! Cory Carson: Chrissy Takes the Wheel,2
s35,Tayo and Little Wizards,2
s38,Angry Birds,2
s40,Chhota Bheem,2
s41,He-Man and the Masters of the Universe,2
s65,Nightbooks,2
s66,Numberblocks,2
s68,Saved by the Bell,2
s72,A StoryBots Space Adventure,2
s76,You vs. Wild: Out Cold,2
s78,Little Singham - Black Shadow,2
s81,Firedrake the Silver Dragon,2
s86,Pokémon Master Journeys: The Series,2
s88,Titipo Titipo,2
s90,Mighty Raju,2
s95,Show Dogs,2
s98,Kid Cosmic,2
s99,Octonauts: Above & Beyond,2
s101,Tobot Galaxy Detectives,2
s105,Tayo the Little Bus,2
s107,Bunk'd,2
s108,A Champion Heart,2
s109,Dive Club,2
s112,Sharkdog,2
s121,Heroes of Goo Jit Zu,2
s128,A Cinderella Story,2
s131,Barbie Big City Big Dreams,2
s154,Kid-E-Cats,2
s156,Labyrinth,2
s168,Open Season 2,2
s169,Osmosis Jones,2
s190,Bread Barbershop,2
s198,I Heart Arlo,2
s221,Family Reunion,2
s232,The Water Man,2
s250,The Loud House Movie,2
s255,Go! Go! Cory Carson,2
s270,Winx Club,2
s273,Fast & Furious Spy Racers,2
s280,Monster Hunter: Legends of the Guild,2
s287,Gabby's Dollhouse,2
s301,Vivo,2
s325,44 Cats,2
s326,Beethoven,2
s327,Beethoven's 2nd,2
s331,Cloudy with a Chance of Meatballs,2
s345,My Girl 2,2
s346,Open Season: Scared Silly,2
s348,Planet 51,2
s365,Centaurworld,2
s387,Mighty Express,2
s394,A Second Chance:  Rivals!,2
s406,Chhota Bheem - Dinosaur World,2
s407,Chhota Bheem - Neeli Pahaadi,2
s408,Chhota Bheem & Ganesh,2
s409,Chhota Bheem & Krishna: Mayanagari,2
s410,Chhota Bheem & Krishna: Pataliputra- City of the Dead,2
s411,Chhota Bheem And The Broken Amulet,2
s412,Chhota Bheem And The Crown of Valhalla,2
s413,Chhota Bheem and the Incan Adventure,2
s414,Chhota Bheem and The ShiNobi Secret,2
s415,Chhota Bheem Aur Hanuman,2
s416,Chhota Bheem aur Krishna,2
s417,Chhota Bheem aur Krishna vs Zimbara,2
s418,Chhota Bheem in African Safari,2
s419,Chhota Bheem Ka Roosi Romanch,2
s420,Chhota Bheem: Bheem vs Aliens,2
s421,Chhota Bheem: Dholakpur to Kathmandu,2
s422,Chhota Bheem: Dus Pe Dus,2
s423,Chhota Bheem: Journey to Petra,2
s424,Chhota Bheem: Master of Shaolin,2
s425,Chhota Bheem: The Rise of Kirmada,2
s429,Words Bubble Up Like Soda Pop,2
s433,Trollhunters: Rise of the Titans,2
s443,Johnny Test,2
s461,Surf's Up,2
s472,Day of Destiny,2
s473,Ridley Jones,2
s487,Ratchet and Clank,2
s510,Ask the StoryBots,2
s513,Code Lyoko,2
s526,My Little Pony: Friendship Is Magic,2
s528,Puffin Rock,2
s531,Richie Rich,2
s536,Some Assembly Required,2
s540,The New Legends of Monkey,2
s541,The Worst Witch,2
s546,YooHoo to the Rescue,2
s548,We the People,2
s566,Bureau of Magical Things,2
s569,Dennis the Menace,2
s574,Kung Fu Panda,2
s575,Kung Fu Panda 2,2
s589,Rainbow Rangers,2
s591,Sailor Moon Crystal,2
s594,Snow Day,2
s596,Stuart Little,2
s602,The Karate Kid,3
s603,The Karate Kid Part II,3
s604,The Karate Kid Part III,3
s629,StarBeam,2
s714,Avengers Climate Conundrum,2
s720,Power Rangers Dino Fury,2
s721,Rhyme Time Town,2
s734,LEGO Friends: The Power of Friendship,2
s737,Skater Girl,2
s740,Wish Dragon,2
s752,Guru Aur Bhole,2
s756,Kitty Love: An Homage to Cats,2
s781,Ben & Holly's Little Kingdom,2
s812,Super Monsters: Once Upon a Rhyme,2
s814,The Adventures of Sonic the Hedgehog,2
s830,Dog Gone Trouble,2
s835,Blue Miracle,2
s847,Home,2
s856,Jurassic World Camp Cretaceous,2
s862,Little Singham Future mein Satakli,2
s864,Spy Kids: All the Time in the World,2
s869,The Magic School Bus,2
s875,Booba: Food Puzzle,2
s883,Jungle Beat: The Movie,2
s924,Trash Truck,2
s925,Aliens Stole My Body,2
s928,Barney and Friends,2
s934,Hachi: A Dog's Tale,2
s936,Madagascar 3: Europe's Most Wanted,2
s938,Motu Patlu in Dragon's World,2
s939,Motu Patlu in the Game of Zones,2
s940,Motu Patlu in Wonderland,2
s941,Motu Patlu: Deep Sea Adventure,2
s942,Motu Patlu: Mission Moon,2
s955,The Yeti Adventures,2
s962,The Mitchells vs. The Machines,2
s1005,Izzy's Koala World,2
s1007,Motu Patlu Dino Invasion,2
s1008,Motu Patlu in Octupus World,2
s1009,Motu Patlu VS Robo Kids,2
s1010,Rudra: Secret of the Black Moon,2
s1011,Rudra: The Rise of King Pharaoh,2
s1015,PJ Masks,2
s1025,Arlo the Alligator Boy,2
s1026,Bakugan: Geogan Rising,2
s1027,Barbie & Chelsea: The Lost Birthday,2
s1049,Power Players,2
s1050,Ricky Zoom,2
s1052,Sonic X,2
s1072,Motu Patlu in Hong Kong: Kung Fu Kings 3,2
s1073,Motu Patlu in the City of Gold,2
s1074,Motu Patlu Kung Fu Kings 4 The Challenge of Kung Fu Brothers,2
s1075,Motu Patlu the Superheroes – Super Villains from Mars,2
s1082,"Nicky, Ricky, Dicky & Dawn",2
s1097,The Last Kids on Earth: Happy Apocalypse to You,2
s1102,Escape from Planet Earth,2
s1105,An American Girl: McKenna Shoots for the Stars,2
s1113,Woody Woodpecker,2
s1149,Robocar Poli,2
s1150,Yu-Gi-Oh!,2
s1152,Octonauts & the Ring of Fire,3
s1153,Rainbow High,2
s1157,A Week Away,2
s1159,Big Time Rush,2
s1171,Secret Magic Control Agency,2
s1180,Mighty Morphin Power Rangers,2
s1181,Alien TV,2
s1201,Waffles + Mochi,2
s1204,The BFG,2
s1207,Zero Chill,2
s1219,YES DAY,2
s1232,City of Ghosts,2
s1236,Pokémon Journeys: The Series,2
s1246,Word Party,2
s1254,LEGO Marvel Spider-Man: Vexed by Venom,2
s1259,Bigfoot Family,2
s1305,Animals on the Loose: A You vs. Wild Movie,2
s1308,The Resurrection of Gavin Stone,2
s1309,Booba,2
s1320,Xico's Journey,2
s1333,ICarly,2
s1351,Power Rangers Ninja Steel,2
s1363,Total Drama,2
s1365,Zathura,2
s1370,Finding ‘Ohana,2
s1373,June & Kopi,2
s1379,Penguin Bloom,2
s1381,Go Dog Go,2
s1396,Hello Ninja,2
s1402,Carmen Sandiego,2
s1404,Double Dad,2
s1405,Henry Danger,2
s1407,Penguins of Madagascar: The Movie,2
s1408,Pinkfong & Baby Shark's Space Adventure,2
s1425,Charming,2
s1430,Mighty Little Bheem: Kite Festival,2
s1435,Leap!,2
s1452,Full Out 2: You Got This!,2
s1454,Good Burger,2
s1463,Running Man,2
s1464,The Cat in the Hat Knows a Lot About That!,2
s1466,The Haunted Hathaways,2
s1486,Rango,2
s1491,The Magic School Bus Rides Again In the Zone,2
s1495,We Can Be Heroes,2
s1497,Cemara's Family,2
s1506,Rhyme Time Town Singalongs,2
s1507,Shaun the Sheep,2
s1508,Shaun the Sheep: The Farmer’s Llamas,2
s1509,Timmy Time,2
s1520,Mukhsin,2
s1546,Pup Academy,2
s1552,Hilda,2
s1556,Grizzy et les Lemmings,2
s1557,A Trash Truck Christmas,2
s1573,The Big Show Show,2
s1574,The Expanding Universe of Ashley Garcia,2
s1577,Bobbleheads The Movie,2
s1581,Spirit Riding Free: Ride Along Adventure,2
s1582,Super Monsters: Santa’s Super Monster Helpers,2
s1589,Mighty Express: A Mighty Christmas,2
s1592,Captain Underpants Mega Blissmas,2
s1598,You Are My Home,2
s1601,Chico Bon Bon and the Very Berry Holiday,2
s1610,Angela's Christmas Wish,2
s1615,Gormiti,2
s1617,Monster House,2
s1619,Octonauts,2
s1620,Oddbods,2
s1633,Spookley and the Christmas Kittens,2
s1636,A Go! Go! Cory Carson Christmas,2
s1637,Dance Dreams: Hot Chocolate Nutcracker,2
s1652,The Christmas Chronicles: Part Two,2
s1656,Dragons: Rescue Riders: Huttsgalor Holiday,2
s1664,Dolly Parton’s Christmas on the Square,2
s1667,Alien Xmas,2
s1672,The App That Stole Christmas,2
s1682,The Princess Switch: Switched Again,2
s1688,The Boss Baby: Back in Business,2
s1694,Beyblade Burst Rise,2
s1695,Cloudy with a Chance of Meatballs 2,2
s1697,Polly Pocket,2
s1700,White Christmas,2
s1703,Fukrey Boyzzz: Space Mein Fukrapanti,2
s1704,Jingle Jangle: A Christmas Journey,2
s1725,Bakugan: Battle Planet,2
s1737,Operation Christmas Drop,2
s1750,Christmas Break-In,2
s1752,Elf Pets: A Fox Cub’s Christmas Tale,2
s1753,Elf Pets: Santa’s Reindeer Rescue,2
s1754,Elliot the Littlest Reindeer,2
s1758,LEGO Jurassic World: Secret Exhibit,2
s1759,LEGO Ninjago,2
s1760,LEGO Ninjago: Masters of Spinjitzu,2
s1761,LEGO: CITY Adventures,2
s1762,Little Monsters,2
s1766,The Garfield Show,2
s1779,Kongsuni and Friends,2
s1792,Chico Bon Bon: Monkey with a Tool Belt,2
s1802,Over the Moon,2
s1816,The Magic School Bus Rides Again The Frizz Connection,2
s1834,ParaNorman,2
s1842,The Last Kids on Earth,2
s1845,A Babysitter's Guide to Monster Hunting,2
s1848,Fireman Sam,2
s1853,Power Rangers Beast Morphers,2
s1860,Octonauts & the Great Barrier Reef,3
s1865,Kipo and the Age of Wonderbeasts,2
s1884,StarBeam: Halloween Hero,2
s1893,A Go! Go! Cory Carson Halloween,2
s1894,DreamWorks Happy Holidays from Madagascar,2
s1896,H2O: Just Add Water,2
s1960,Enola Holmes,2
s1974,Fukrey Boyzzz,2
s1986,Horrid Henry's Gross Day Out,2
s2004,The Smurfs 2,2
s2005,Wish Upon a Unicorn,2
s2007,Buddi,2
s2008,Dad Wanted,2
s2011,How to Train Your Dragon 2,2
s2012,Pets United,2
s2021,Dhh,2
s2023,Julie and the Phantoms,2
s2028,Satria Heroes: Revenge of the Darkness,2
s2041,Transformers: Cyberverse,2
s2048,Spirit Riding Free: Riding Academy,2
s2057,Hotel for Dogs,2
s2062,Barbie Princess Adventure,2
s2064,Bookmarks,2
s2071,Heidi,2
s2072,Puss in Boots,2
s2077,The Boss Baby: Get That Baby!,2
s2080,The Smurfs,2
s2081,Thomas and Friends,2
s2082,True: Friendship Day,2
s2099,Emily's Wonder Lab,2
s2108,The Sleepover,2
s2115,Little Singham: Kaal Ka Badla,2
s2119,Glitch Techs,2
s2130,Fearless,2
s2132,Octonauts & the Caves of Sac Actun,3
s2136,The Legend of Korra,2
s2137,Zoids Wild,2
s2143,Mr. Peabody & Sherman,2
s2145,GAME ON: A Comedy Crossover Event,2
s2156,The Magic School Bus Rides Again Kids In Space,2
s2158,Wizards: Tales of Arcadia,2
s2161,Ever After High,2
s2167,A Go! Go! Cory Carson Summer Camp,2
s2168,Malibu Rescue: The Next Wave,2
s2175,My Perfect Landing,2
s2178,Super Monsters: The New Class,2
s2179,The Next Step,2
s2182,Transformers Rescue Bots Academy,2
s2186,Latte and the Magic Waterstone,2
s2189,Sugar High,2
s2208,Animal Crackers,2
s2209,Dragons: Rescue Riders: Secrets of the Songwing,2
s2216,The Larva Island Movie,2
s2239,Sunny Bunnies,2
s2250,The Epic Tales of Captain Underpants in Space,2
s2261,Dr. Seuss' The Lorax,2
s2293,Little Singham,2
s2300,The Baby-Sitters Club,2
s2308,Abby Hatcher,2
s2329,Ride Like a Girl,2
s2357,Feel the Beat,2
s2365,A Whisker Away,2
s2378,The Nut Job,2
s2381,Riding Faith,2
s2386,Underdogs,2
s2389,Alexa & Katie,2
s2399,Okko's Inn,2
s2441,True: Rainbow Rescue,2
s2452,Mirai,2
s2467,Mako Mermaids: An H2O Adventure,2
s2479,Modest Heroes: Ponoc Short Films Theatre,2
s2520,Avatar: The Last Airbender,2
s2527,She-Ra and the Princesses of Power,2
s2530,The Wiggles,2
s2534,Fan of Amoory,2
s2543,True: Terrific Tales,2
s2545,Action Replayy,2
s2555,The Hollow,2
s2563,Arctic Dogs,2
s2564,Luccas Neto em: Acampamento de Férias 2,2
s2573,Roped,2
s2580,Go! Go! Cory Carson: The Chrissy,2
s2583,Madagascar: Escape 2 Africa,2
s2584,Masha and the Bear,2
s2589,Oh Yuck,2
s2594,Thomas & Friends: Marvelous Machinery: A New Arrival,2
s2595,Thomas & Friends: Marvelous Machinery: World of Tomorrow,2
s2596,Thomas & Friends: Thomas and the Royal Engine,2
s2597,What a Girl Wants,2
s2642,DreamWorks Spooky Stories: Volume 2,2
s2657,The Willoughbys,2
s2679,Jem and the Holograms,2
s2682,Stunt School,2
s2696,The Main Event,2
s2702,The Last Airbender,2
s2718,Chhota Bheem and the Curse of Damyaan,2
s2740,Pokémon the Series,2
s2745,The Little Vampire,2
s2751,A truthful Mother,2
s2752,Akbar Birbal,2
s2753,Bal Ganesh,2
s2755,Greater,2
s2760,Tree House Tales,2
s2764,Dragons: Rescue Riders: Hunt for the Golden Dragon,2
s2771,True: Wuzzle Wegg Day,2
s2774,Willy and the Guardians of the Lake: Tales from the Lakeside Winter Adventure,2
s2779,Bethany Hamilton: Unstoppable,2
s2786,Barbie Dreamhouse Adventures: Go Team Roberts,2
s2788,Archibald's Next Big Thing,2
s2789,Dino Girl Gauko,2
s2791,Greenhouse Academy,2
s2808,Shaun the Sheep: Adventures from Mossy Bottom,2
s2812,Digs & Discoveries: All Track's Lead to Rome,2
s2813,Digs & Discoveries: Mines of Mystery,2
s2815,Steam Team to the Rescue,2
s2820,Go Karts,2
s2829,Carmen Sandiego: To Steal or Not to Steal,2
s2842,Mighty Little Bheem: Festival of Colors,2
s2849,Luccas Neto in: The End of Christmas,2
s2858,Calico Critters Mini Episodes Clover,2
s2859,Calico Critters: Everyone's Big Dream Flying in the Sky,2
s2861,Hugo,2
s2877,Pokémon: Mewtwo Strikes Back - Evolution,2
s2888,Full Count,2
s2903,DreamWorks Shrek's Swamp Stories,2
s2911,Talking Tom and Friends,2
s2912,A Shaun the Sheep Movie: Farmageddon,2
s2920,Dragon Quest Your Story,2
s2927,We Bare Bears,2
s2928,Captain Underpants Epic Choice-o-Rama,2
s2938,Dragons: Rescue Riders,2
s2954,Team Kaylie,2
s2963,Miraculous: Tales of Ladybug & Cat Noir,2
s2964,Misfit 2,2
s2968,Shopkins,2
s3006,DreamWorks How to Train Your Dragon Legends,2
s3017,Hop,2
s3020,NiNoKuni,2
s3029,The Ollie & Moon Show,2
s3031,The Healing Powers of Dude,2
s3036,Harvey Street Kids,2
s3040,The InBESTigators,2
s3057,Chhota Bheem Kung Fu Dhamaka Series,2
s3058,Garfield Gets Real,2
s3059,Garfield's Fun Fest,2
s3060,Garfield's Pet Force,2
s3063,Jimmy Neutron: Boy Genius,2
s3065,Luccas Neto in: Children's Day,2
s3067,Mia and Me,2
s3070,Pokémon the Movie: Power of Us,2
s3084,Pucca: Love Recipe,2
s3085,Rainbow Ruby,2
s3086,Robot Trains,2
s3100,Grand-Daddy Day Care,2
s3106,John Mulaney & The Sack Lunch Bunch,2
s3110,Back of the Net,2
s3129,Cocomong,2
s3139,Holy Expectations,2
s3147,Scooby-Doo!: Mystery Incorporated,2
s3149,What's New Scooby-Doo?,2
s3162,A Family Reunion Christmas,2
s3173,Spirit Riding Free: Spirit of Christmas,2
s3181,A Christmas Prince: The Royal Baby,2
s3189,A Cinderella Story: Christmas Wish,2
s3200,Space Jungle,2
s3201,Tee Shot: Ariya Jutanugarn,2
s3209,Chip and Potato,2
s3219,Holiday Rush,2
s3230,Super Monsters Save Christmas,2
s3232,True: Winter Wishes,2
s3247,The Dragon Prince,2
s3248,Trolls: The Beat Goes On!,2
s3249,The Knight Before Christmas,2
s3267,GO! The Unforgettable Party,2
s3274,Klaus,2
s3276,Llama Llama,2
s3296,Green Eggs and Ham,2
s3304,Luccas Neto in: Summer Camp,2
s3305,Sam & Cat,2
s3316,A Fairly Odd Summer,2
s3317,Bella and the Bulldogs,2
s3318,Big Time Movie,2
s3319,Escape from Mr. Lemoncello’s Library,2
s3320,Hey Arnold! The Jungle Movie,2
s3321,Jinxed,2
s3322,LEGENDS OF THE HIDDEN TEMPLE,2
s3323,"Liar, Liar, Vampire",2
s3324,The Boy Who Cried Werewolf,2
s3325,The Massively Mixed-Up Middle School Mystery,2
s3326,Victorious,2
s3338,Holiday in the Wild,2
s3339,Holly Star,2
s3344,Santa Girl,2
s3346,The Deep,2
s3351,True: Grabbleapple Harvest,2
s3402,Little Baby Bum: Nursery Rhyme Friends,2
s3404,Mighty Little Bheem: Diwali,2
s3405,MONKART,2
s3407,Spirit Riding Free: Pony Tales,2
s3416,THE UNLISTED,2
s3436,Beyblade Burst Turbo,2
s3443,The Spooky Tale of Captain Underpants Hack-a-ween,2
s3445,Legend Quest: Masters of Myth,2
s3450,Creeped Out,2
s3452,Kids on the Block,2
s3454,Raising Dion,2
s3456,Super Monsters,2
s3457,Super Monsters: Vida's First Halloween,2
s3473,Rugrats in Paris: The Movie,2
s3476,The Rugrats Movie,2
s3509,True: Tricky Treat Day,2
s3524,Tall Girl,2
s3545,Spookley the Square Pumpkin,2
s3547,Luo Bao Bei,2
s3550,Mi amigo Alexis,2
s3554,True and the Rainbow Kingdom,2
s3581,Invader Zim: Enter the Florpus,2
s3585,Super Monsters Back to School,2
s3599,DC Super Hero Girls,2
s3604,Rocko's Modern Life: Static Cling,2
s3625,No Good Nick,2
s3627,Misfit,2
s3637,Twelve Forever,2
s3645,Beat Bugs,2
s3655,The Epic Tales of Captain Underpants,2
s3660,Pinky Malinky,2
s3668,3Below: Tales of Arcadia,2
s3678,True Tunes,2
s3681,Free Rein,2
s3692,DreamWorks Kung Fu Panda Awesome Secrets,2
s3693,Hatchimals | Adventures in Hatchtopia,2
s3695,Molang,2
s3696,Rabbids Invasion,2
s3723,Go! Live Your Way,2
s3748,DJ Cinderella,2
s3761,Upin & Ipin,2
s3767,Pachamama,2
s3768,Rock My Heart,2
s3770,Super Monsters Monster Pets,2
s3780,Malibu Rescue: The Series,2
s3807,Prince of Peoria,2
s3819,Good Sam,2
s3821,PATRICK (2019),2
s3822,Dennis and Gnasher Unleashed,2
s3824,"Heidi, bienvenida a casa",2
s3830,Malibu Rescue,2
s3862,Cupcake & Dino - General Services,2
s3910,Super Monsters Furever Friends,2
s3932,You vs. Wild,2
s3942,Rimba Racer,2
s3944,Spirit: Riding Free,2
s3962,Pablo,2
s3980,Charlie's Colorforms City,2
s3989,Bo on the Go!,2
s4015,Robozuna,2
s4037,Walk. Ride. Rodeo.,2
s4056,Larva Island,2
s4059,Pants on Fire,2
s4061,Radio Rebel,2
s4063,The Boy Who Harnessed the Wind,2
s4066,The Spiderwick Chronicles,2
s4091,Z4,2
s4115,Barbie Dreamhouse Adventures,2
s4122,Kevin Hart's Guide to Black History,2
s4138,Free Rein: Valentine's Day,2
s4140,LEGO Marvel Super Heroes: Black Panther,2
s4142,Littlest Pet Shop: A World of Our Own,2
s4146,True: Happy Hearts Day,2
s4150,Paprika,2
s4203,Horrid Henry,2
s4207,Pocoyo,2
s4219,A Series of Unfortunate Events,2
s4224,Pokémon the Movie: I Choose You!,2
s4287,Prince of Peoria: A Christmas Moose Miracle,2
s4290,Dragons: Dawn of the Dragon Racers,2
s4291,DreamWorks Holiday Classics,2
s4296,F.R.E.D.I.,2
s4312,Voltron: Legendary Defender,2
s4319,Free Rein: The Twelve Neighs of Christmas,2
s4320,Mowgli: Legend of the Jungle,2
s4324,Super Monsters and the Wish Star,2
s4341,Haunted House,2
s4352,A Christmas Prince: The Royal Wedding,2
s4353,Angela's Christmas,2
s4360,Spy Kids: Mission Critical,2
s4364,Minecraft: Story Mode,2
s4365,My Little Pony Friendship Is Magic: Best Gift Ever,2
s4370,The Christmas Chronicles,2
s4372,Kulipari: Dream Walker,2
s4374,Puppy Star Christmas,2
s4385,Ponysitters Club,2
s4387,The Princess Switch,2
s4390,Beyblade Burst Evolution,2
s4408,Treehouse Detectives,2
s4416,Brainchild,2
s4431,Creators,2
s4467,Zokkomon,2
s4479,DreamWorks Spooky Stories,2
s4490,Best.Worst.Weekend.Ever.,2
s4493,Gnome Alone,2
s4504,My Babysitter's a Vampire,2
s4512,Edgar Rice Burroughs' Tarzan and Jane,2
s4528,Sofia the First,2
s4535,Super Monsters Save Halloween,2
s4558,A Witches' Ball,2
s4590,My Little Pony Equestria Girls: Forgotten Friendship,2
s4591,My Little Pony Equestria Girls: Rollercoaster of Friendship,2
s4617,Big Miracle,2
s4623,Reboot: The Guardian Code,2
s4624,Skylanders Academy,2
s4635,Transformers: Rescue Bots,2
s4641,Super Monsters Monster Party,2
s4649,If I were an Animal,2
s4652,Transformers Prime,2
s4653,Transformers: Robots in Disguise,2
s4657,Next Gen,2
s4659,Stretch Armstrong & the Flex Fighters,2
s4718,Dinotrux Supercharged,2
s4721,Chillar Party,2
s4738,The Blue Umbrella,2
s4761,Duck Duck Goose,2
s4763,Home: Adventures with Tip & Oh,2
s4765,Luna Petunia: Return to Amazia,2
s4771,Going for Gold,2
s4785,White Fang,2
s4796,I Am Kalam,2
s4814,Hotel Transylvania,2
s4832,True: Magical Friends,2
s4833,True: Wonderful Wishes,2
s4839,Dinosaur King,2
s4853,Trollhunters,2
s4857,Dance & Sing with True,2
s4858,Inspector Gadget,2
s4870,The Who Was? Show,2
s4874,Pup Star: World Tour,2
s4880,Kong: King of the Apes,2
s4899,Simon,2
s4908,Candy Jar,2
s4918,Fishtronaut: The Movie,2
s4931,The Magic School Bus Rides Again,2
s4943,Wakfu,2
s4978,Benji,2
s4991,Stretch Armstrong: The Breakout,2
s5000,Expedition China,2
s5036,Dragons: Race to the Edge,2
s5064,The Adventures of Puss in Boots,2
s5082,Rip Tide,2
s5099,Pokémon: Indigo League,2
s5107,Bibi & Tina: Tohuwabohu Total,2
s5116,48 Christmas Wishes,2
s5134,Trolls Holiday Special,2
s5138,A StoryBots Christmas,2
s5139,All Hail King Julien,2
s5141,DreamWorks Home: For the Holidays,2
s5143,Monster Island,2
s5145,Oggy and the Cockroaches,2
s5161,Beat Bugs: All Together Now,2
s5164,A Christmas Prince,2
s5167,Luna Petunia,2
s5175,Glitter Force Doki Doki,2
s5181,Project Mc²,2
s5190,Pettersson and Findus 2,2
s5200,Pup Star: Better 2Gether,2
s5220,Seven and Me,2
s5233,Kibaoh Klashers,2
s5237,Beyblade Burst,2
s5238,Equestria Girls: Tales of Canterlot High,2
s5242,Ghost Patrol,2
s5270,Barbie Dolphin Magic,2
s5273,VeggieTales in the City,2
s5274,Ghost of the Mountains,2
s5302,LEGO Elves: Secrets of Elvendale,2
s5312,The Guardian Brothers,2
s5321,Dinotrux,2
s5341,LEGO Marvel Super Heroes: Avengers Reassembled!,2
s5354,Jessica Darling's It List,2
s5360,Raising the Bar,2
s5376,Buddy Thunderstruck: The Maybe Pile,2
s5381,Dawn of the Croods,2
s5390,A 2nd Chance,2
s5393,Barbie Life in the Dreamhouse,2
s5398,Learning Songs by Little Baby Bum: Nursery Rhyme Friends,2
s5412,Zipi & Zape y la Isla del Capitan,2
s5423,Pac-Man and the Ghostly Adventures,2
s5424,Puss in Book: Trapped in an Epic Tale,2
s5429,World of Winx,2
s5442,The Wishing Tree,2
s5459,Miniforce,2
s5489,All Hail King Julien: Exiled,2
s5492,Sahara,2
s5495,Kazoops!,2
s5497,The Mars Generation,2
s5520,Fangbone,2
s5524,The Mr. Peabody and Sherman Show,2
s5527,Bibi & Tina,2
s5528,Bibi & Tina II,2
s5529,Bibi & Tina: Girls Versus Boys,2
s5559,Bottersnikes & Gumbles,2
s5567,Julie's Greenroom,2
s5579,Buddy Thunderstruck,2
s5592,Legend Quest,2
s5597,Growing Up Wild,2
s5598,Tini: The New Life of Violetta,2
s5622,Zapped,2
s5641,We're Lalaloopsy,2
s5643,Coin Heist,2
s5644,LEGO: Marvel Super Heroes: Maximum Overload,2
s5646,Marvel's Hulk: Where Monsters Dwell,2
s5649,Bee Movie,2
s5682,Mariah Carey's Merriest Christmas,2
s5693,Lost & Found Music Studios,2
s5724,Danger Mouse,2
s5737,Pup Star,2
s5760,StoryBots Super Songs,2
s5762,LEGO Jurassic World: The Indominus Escape,2
s5774,My Little Pony Equestria Girls: Legend of Everfree,2
s5786,VeggieTales in the House,2
s5801,Kulipari: An Army of Frogs,2
s5808,Glitter Force,2
s5828,LEGO Bionicle: The Journey to One,2
s5830,Popples,2
s5839,Justin Time GO!,2
s5856,Justin Time,2
s5858,Kung Fu Panda: Secrets of the Scroll,2
s5862,Pee-wee's Big Holiday,2
s5866,Marvel Super Hero Adventures: Frost Fight!,2
s5868,Care Bears & Cousins,2
s5870,Turbo FAST,2
s5888,Walt Disney Animation Studios Short Films Collection,2
s5896,Wakfu: The Quest for the Six Eliatrope Dofus,2
s5903,H2O: Mermaid Adventures,2
s5909,Danger Mouse: Classic Collection,2
s5924,Goosebumps,2
s5937,Shrek the Musical,2
s5938,The Short Game,2
s5954,Joseph: King of Dreams,2
s6042,A Holiday Engagement,2
s6054,A Princess for Christmas,2
s6066,A Wrinkle in Time,2
s6070,A.X.L.,2
s6081,Abominable Christmas,2
s6110,Albion: The Enchanted Stallion,2
s6114,Aliens Ate My Homework,2
s6117,All Dogs Go to Heaven,2
s6119,All Hallows' Eve,2
s6125,Alpha and Omega 2: A Howl-iday Adventure,2
s6126,Alpha and Omega: The Legend of the Saw Tooth Cave,2
s6127,Alphablocks,2
s6152,An American Tail,2
s6153,An American Tail: Fievel Goes West,2
s6154,An American Tail: The Mystery of the Night Monster,2
s6155,An American Tail: The Treasures of Manhattan Island,2
s6170,Annabelle Hooper and the Ghosts of Nantucket,2
s6174,Antariksha Ke Rakhwale,2
s6187,Arthur Christmas,2
s6195,Atomic Puppet,2
s6221,Balto,2
s6222,Balto 2: Wolf Quest,2
s6223,Balto 3: Wings of Change,2
s6235,Barbie & Her Sisters in a Pony Tale,2
s6236,Barbie in A Mermaid Tale,2
s6237,Barbie in Princess Power,2
s6238,Barbie in Rock 'N Royals,2
s6239,Barbie Star Light Adventure,2
s6240,Barbie: A Fairy Secret,2
s6241,Barbie: Princess Charm School,2
s6242,Barbie: Spy Squad,2
s6243,Barbie: The Princess & the Popstar,2
s6244,Barbie: Video Game Hero,2
s6250,Bat Pat,2
s6259,Be-Be-Bears,2
s6272,Bedtime Stories,2
s6282,Ben 10,2
s6284,Benji: Off the Leash,2
s6285,Benji's Very Own Christmas Story,2
s6292,Beyblade: Metal Fusion,2
s6302,Big Bad Beetleborgs,2
s6306,Big Fat Liar,2
s6309,Bigger Fatter Liar,2
s6334,Blinky Bill: The Movie,2
s6349,Bob's Broken Sleigh,2
s6355,Bolt,2
s6367,Boy and the World,2
s6371,Bratz: The Movie,2
s6383,Bruno and Boots: Go Jump in the Pool,2
s6384,Bruno and Boots: The Wizzle War,2
s6385,Bruno and Boots: This Can't Be Happening at Macdonald Hall,2
s6405,Calico Critters,2
s6411,Camp Cool Kids,2
s6421,Care Bears: Welcome to Care-a-Lot,2
s6434,Cats & Dogs: The Revenge of Kitty Galore,2
s6447,Charlie and the Chocolate Factory,2
s6449,Charlotte's Web,2
s6463,Chhota Bheem Ka Romani Adventure,2
s6465,Chhota Bheem Kungfu Dhamaka,2
s6467,Chicken Little,2
s6474,Chitty Chitty Bang Bang,2
s6480,Christmas in the Smokies,2
s6481,Christmas with the Kranks,2
s6482,Christopher Robin,2
s6535,Cop and a Half: New Recruit,2
s6537,Coraline,2
s6551,Daddy Day Care,2
s6582,Dear Dracula,2
s6622,Dolphin Kick,2
s6623,Dolphin Tale 2,2
s6640,Dr. Seuss' The Cat in the Hat,2
s6641,Dr. Seuss' The Grinch,2
s6658,Earth to Echo,2
s6659,Earth to Luna!,2
s6675,El Chavo,2
s6711,Evan Almighty,2
s6749,Figaro Pho,2
s6771,Flowering Heart,2
s6782,For the Love of Benji,2
s6798,Fred Claus,2
s6799,Free Willy,2
s6808,From Japan to Egypt,2
s6815,Full Out,2
s6819,G-Force,2
s6829,Garuda Di Dadaku,2
s6830,Garuda in My Heart 2,2
s6838,George of the Jungle 2,2
s6839,Geronimo Stilton,2
s6841,Get Santa,2
s6859,God Bless the Broken Road,2
s6869,Goldie & Bear,2
s6884,Goosebumps 2: Haunted Halloween,2
s6910,Hairspray,2
s6932,Harriet the Spy: Blog Wars,2
s6953,Hedgehogs,2
s6982,Hogie the Globehopper,2
s6993,Hoodwinked Too! Hood vs. Evil,2
s6994,Hope Aur Hum,2
s7009,Hotel Transylvania 3: Summer Vacation,2
s7014,How the Grinch Stole Christmas,2
s7030,Huntik: Secrets and Seekers,2
s7056,Igor,2
s7058,Imagine That,2
s7068,Incredibles 2 (Spanish Version),2
s7071,Indiana Jones and the Kingdom of the Crystal Skull,2
s7072,Indiana Jones and the Last Crusade,2
s7073,Indiana Jones and the Raiders of the Lost Ark,2
s7074,Indiana Jones and the Temple of Doom,2
s7079,Inkheart,2
s7098,Iron Man & Captain America: Heroes United,2
s7099,Iron Man: Armored Adventures,2
s7104,It Takes Two,2
s7109,최강전사 미니특공대 : 영웅의 탄생,2
s7111,Jack and the Cuckoo-Clock Heart,2
s7146,Judy Moody and the Not Bummer Summer,2
s7149,Julius Jr.,2
s7165,Kahlil Gibran's The Prophet,2
s7197,Kikoriki,2
s7227,Krish Trish and Baltiboy,2
s7228,Krish Trish and Baltiboy: Battle of Wits,2
s7229,Krish Trish and Baltiboy: Best Friends Forever,2
s7230,Krish Trish and Baltiboy: Comics of India,2
s7231,Krish Trish and Baltiboy: Face Your Fears,2
s7232,Krish Trish and Baltiboy: Oversmartness Never Pays,2
s7233,Krish Trish and Baltiboy: Part II,2
s7234,Krish Trish and Baltiboy: The Greatest Trick,2
s7236,Krishna Balram,2
s7241,Kung Fu Magoo,2
s7276,LeapFrog: Letter Factory,2
s7279,"LeapFrog: Sing-along, Read-along",2
s7280,Learning Time with Timmy,2
s7283,Legend of the Guardians: The Owls of Ga'Hoole,2
s7288,Lego Friends,2
s7289,Lego Friends: Girls on a Mission,2
s7292,Leo & Tig,2
s7293,Leo the Lion,2
s7314,Little Lunch: The Halloween Horror Story,2
s7315,Little Lunch: The Nightmare Before Graduation,2
s7319,Little Singham Bandarpur Mein Hu Ha Hu,2
s7322,Liv and Maddie,2
s7332,LoliRock,2
s7376,Maggie & Bianca: Fashion Friends,2
s7378,Magic Snowflake,2
s7380,Magnus,2
s7417,Mary and the Witch's Flower,2
s7418,Mary Poppins Returns,2
s7453,Middle School: The Worst Years of My Life,2
s7456,Mighty Morphin Alien Rangers,2
s7461,Miracle,2
s7462,Mirror Mirror,2
s7487,Monkey Up,2
s7489,Monster Family,2
s7490,Monster High 13 Wishes,2
s7491,"Monster High: Boo York, Boo York",2
s7492,Monster High: Escape from Skull Shores,2
s7493,Monster High: Freaky Fusion,2
s7494,Monster High: Friday Night Frights,2
s7495,Monster High: Fright On!,2
s7496,"Monster High: Frights, Camera, Action!",2
s7497,Monster High: Ghouls Rule,2
s7498,Monster High: Great Scarrier Reef,2
s7500,Monster High: New Ghoul at School,2
s7501,"Monster High: Scaris, City of Frights",2
s7502,Monster High: Why Do Ghouls Fall in Love?,2
s7503,Monster Math Squad,2
s7514,Motu Patlu: King of Kings,2
s7522,Mr. Young,2
s7526,Mune: Guardian of the Moon,2
s7527,Muppets Most Wanted,2
s7530,Mutant Busters,2
s7532,My Babysitter's a Vampire: The Movie,2
s7542,My Little Pony Equestria Girls: Friendship Games,2
s7543,My Little Pony Equestria Girls: Rainbow Rocks,2
s7565,National Treasure,2
s7580,New York Minute,2
s7589,Ninja Hattori,2
s7590,Ninja Turtles: The Next Mutation,2
s7595,Norm of the North: Family Vacation,2
s7596,Norm of the North: Keys to the Kingdom,2
s7597,Norm of the North: King Sized Adventure,2
s7600,NOVA: Bird Brain,2
s7647,Oh No! It's an Alien Invasion,2
s7650,Ollie & Moon,2
s7670,Open Season,2
s7675,Operation Ouch!,2
s7690,P. King Duckling,2
s7699,Pajanimals,2
s7722,Pee-wee's Playhouse,2
s7725,Penelope,2
s7733,Peter Rabbit,2
s7756,Popeye,2
s7761,Power Battle Watch Car,2
s7762,Power Rangers Dino Charge,2
s7763,Power Rangers Dino Super Charge,2
s7764,Power Rangers Dino Thunder,2
s7765,Power Rangers in Space,2
s7766,Power Rangers Jungle Fury,2
s7767,Power Rangers Lightspeed Rescue,2
s7768,Power Rangers Lost Galaxy,2
s7769,Power Rangers Mystic Force,2
s7770,Power Rangers Ninja Storm,2
s7771,Power Rangers Operation Overdrive,2
s7772,Power Rangers RPM,2
s7773,Power Rangers S.P.D.,2
s7774,Power Rangers Samurai,2
s7776,Power Rangers Samurai: Clash of the Red Rangers,2
s7778,Power Rangers Super Megaforce,2
s7780,Power Rangers Super Samurai,2
s7781,Power Rangers Super Samurai: Stuck on Christmas,2
s7783,Power Rangers Time Force,2
s7784,Power Rangers Turbo,2
s7785,Power Rangers Wild Force,2
s7786,Power Rangers Zeo,2
s7787,Power Rangers: Megaforce,2
s7788,Power Rangers: Megaforce: Raising Spirits,2
s7789,Power Rangers: Megaforce: The Robo Knight Before Christmas,2
s7815,R.L. Stine's Mostly Ghostly,2
s7817,Race to Witch Mountain,2
s7827,Ralph Breaks the Internet: Wreck-It Ralph 2,2
s7865,Revolting Rhymes,2
s7892,Room on the Broom,2
s7908,Russell Madness,2
s7930,Samudri Lootere,2
s7934,Santa Claws,2
s7935,Santa's Apprentice,2
s7953,Scales: Mermaids Are Real,2
s7960,Scooby-Doo on Zombie Island,2
s7965,Searching for Bobby Fischer,2
s8011,Shorts,2
s8016,Sid the Science Kid,2
s8052,Solo: A Star Wars Story,2
s8053,Solo: A Star Wars Story (Spanish Version),2
s8063,Space Racers,2
s8071,Splash and Bubbles,2
s8075,Spy Kids,2
s8076,Spy Kids 2: The Island of Lost Dreams,2
s8077,Spy Kids 3: Game Over,2
s8083,Star Wars: Episode VIII: The Last Jedi,2
s8094,Stoked,2
s8095,Stone Age,2
s8103,Strawberry Shortcake: Berry Bitty Adventures,2
s8111,Stuart Little 2,2
s8122,Super Bheem,2
s8123,Super Bheem Bana Vajraveer,2
s8126,Super Wings,2
s8144,Sym-Bionic Titan,2
s8152,Tarzan,2
s8153,Tarzan 2,2
s8155,Tayo the Little Bus Movie: Mission Ace,2
s8159,Teenage Mutant Ninja Turtles,2
s8160,Teenage Mutant Ninja Turtles II: The Secret of the Ooze,2
s8173,Th Eena Meena Deeka Chase Comedy Show,2
s8182,The Adventure Club,2
s8183,The Adventures of Figaro Pho,2
s8184,The Adventures of Sharkboy and Lavagirl,2
s8185,The Adventures of Tintin,2
s8191,The Angry Birds Movie 2,2
s8226,The Breadwinner,2
s8249,The Christmas Project,2
s8259,The Croods,2
s8267,The Dark Crystal,2
s8272,The Day My Butt Went Psycho!,2
s8305,The Flintstones,2
s8306,The Flintstones in Viva Rock Vegas,2
s8316,The Furchester Hotel,2
s8340,The Healer,2
s8360,The Incredible Story of the Giant Pear,2
s8361,The Incredibles 2,2
s8362,The Indian in the Cupboard,2
s8374,The Jungle Book,2
s8382,The Lamb,2
s8395,The Little Mermaid,2
s8396,The Little Prince,2
s8431,The Muppets,2
s8442,The Nutcracker and the Four Realms,2
s8455,The Pink Panther,2
s8456,The Pirate Fairy,2
s8458,The Pirates! Band of Misfits,2
s8462,The Polar Express,2
s8467,The Princess and the Frog,2
s8473,The Rainbow Troops,2
s8502,The Secret Life of Pets 2,2
s8516,The Spy Next Door,2
s8524,The Super Mario Bros. Super Show!,2
s8554,The Water Horse: Legend of the Deep,2
s8582,Thor: Tales of Asgard,2
s8595,Tinker Bell and the Legend of the NeverBeast,2
s8597,Tip the Mouse,2
s8601,Tobot,2
s8603,Tom and Jerry: The Magic Ring,2
s8642,Turbo,2
s8647,Twirlywoos,2
s8656,Unaccompanied Minors,2
s8660,Undercover Grandpa,2
s8670,V.R. Troopers,2
s8680,ViR: The Robot Boy,2
s8685,Vroomiz,2
s8715,Welcome to Monster High: The Origin Story,2
s8746,Willy Wonka & the Chocolate Factory,2
s8753,Wish Man,2
s8777,Yellowbird,2
s8781,Yo-Kai Watch,2
s8782,Yo-Kai Watch: The Movie,2
s8784,Yoko,2
s8785,Yoko and His Friends,2
s8786,YOM,2
s8787,You Can Tutu,2
s8794,"Yours, Mine and Ours",2
s8796,Yu-Gi-Oh! Arc-V,2
s8798,Zak Storm,2
s8806,Zoom,2
